Date,Asset_Name,Ticker,Type,Quantity,Price,Total_Amount
2024-02-20,RENK Group,R3NK.DE,Achat,2.0,28.3,56.6
2024-03-07,AMD,AMD,Achat,0.213009,192.48,41.0
2024-03-07,Amazon.com,AMZN,Achat,0.0637,160.82,10.24
2024-03-20,AI Artificial Intelligence Ventures,AVI.V,Achat,99.0,0.47,46.53
2024-07-16,AMD,AMD,Achat,0.00733,163.71,1.2
2024-07-23,AMD,AMD,Achat,0.011131,142.84,1.59
2024-08-02,Nifty 50 Swap USD (Acc),DBXN.DE,Achat,0.001664,258.35,0.43
2024-08-09,AMD,AMD,Achat,0.035971,122.32,4.4
2024-08-09,Nifty 50 Swap USD (Acc),DBXN.DE,Achat,0.078415,255.05,20.0
2024-08-12,Nikkei 225 JPY (Acc),XNKY.DE,Achat,0.35241,70.94,25.0
2024-08-16,Nikkei 225 JPY (Acc),XNKY.DE,Achat,0.134066,74.59,10.0
2024-08-16,AMD,AMD,Achat,0.005373,133.98,0.72
2024-08-16,Nifty 50 Swap USD (Acc),DBXN.DE,Achat,0.077957,256.55,20.0
2024-08-23,Nikkei 225 JPY (Acc),XNKY.DE,Achat,0.131233,76.2,10.0
2024-09-02,Nikkei 225 JPY (Acc),XNKY.DE,Achat,0.13031,76.74,10.0
2024-09-02,Nifty 50 Swap USD (Acc),DBXN.DE,Achat,0.001906,262.2,0.5
2024-09-02,Nifty 50 Swap USD (Acc),DBXN.DE,Achat,0.076277,262.2,20.0
2024-09-09,Nikkei 225 JPY (Acc),XNKY.DE,Achat,0.135409,73.85,10.0
2024-09-09,Nifty 50 Swap USD (Acc),DBXN.DE,Achat,0.07719,259.1,20.0
2024-09-16,Nikkei 225 JPY (Acc),XNKY.DE,Achat,0.13312,75.12,10.0
2024-09-16,Nifty 50 Swap USD (Acc),DBXN.DE,Achat,0.076292,262.15,20.0
2024-09-23,Nikkei 225 JPY (Acc),XNKY.DE,Achat,0.129752,77.07,10.0
2024-09-23,Nifty 50 Swap USD (Acc),DBXN.DE,Achat,0.07439,268.85,20.0
2024-10-02,Nikkei 225 JPY (Acc),XNKY.DE,Achat,0.129971,76.94,10.0
2024-10-02,Nifty 50 Swap USD (Acc),DBXN.DE,Achat,0.075485,264.95,20.0
2024-10-09,Nikkei 225 JPY (Acc),XNKY.DE,Achat,0.12832,77.93,10.0
2024-10-09,Nifty 50 Swap USD (Acc),DBXN.DE,Achat,0.076248,262.3,20.0
2024-10-16,Nikkei 225 JPY (Acc),XNKY.DE,Achat,0.12809,78.07,10.0
2024-10-16,Nifty 50 Swap USD (Acc),DBXN.DE,Achat,0.076204,262.45,20.0
2024-10-23,Nikkei 225 JPY (Acc),XNKY.DE,Achat,0.133386,74.97,10.0
2024-11-04,Nikkei 225 JPY (Acc),XNKY.DE,Achat,0.13312,75.12,10.0
2024-11-04,Nifty 50 Swap USD (Acc),DBXN.DE,Achat,0.079051,253.0,20.0
2024-11-11,Nikkei 225 JPY (Acc),XNKY.DE,Achat,0.128254,77.97,10.0
2024-11-11,Nifty 50 Swap USD (Acc),DBXN.DE,Achat,0.07722,259.0,20.0
2024-11-18,Nikkei 225 JPY (Acc),XNKY.DE,Achat,0.131943,75.79,10.0
2024-11-18,Nifty 50 Swap USD (Acc),DBXN.DE,Achat,0.078926,253.4,20.0
2024-11-25,Nikkei 225 JPY (Acc),XNKY.DE,Achat,0.129065,77.48,10.0
2024-11-25,Nifty 50 Swap USD (Acc),DBXN.DE,Achat,0.075457,265.05,20.0
2024-12-02,Nifty 50 Swap USD (Acc),DBXN.DE,Achat,0.037993,263.2,10.0
2024-12-02,Core MSCI World USD (Acc),IWDA.AS,Achat,0.189331,105.635,20.0
2024-12-09,Nifty 50 Swap USD (Acc),DBXN.DE,Achat,0.037671,265.45,10.0
2024-12-09,Core MSCI World USD (Acc),IWDA.AS,Achat,0.188821,105.92,20.0
2024-12-16,Nifty 50 Swap USD (Acc),DBXN.DE,Achat,0.037523,266.5,10.0
2024-12-16,Core MSCI World USD (Acc),IWDA.AS,Achat,0.188964,105.84,20.0
2024-12-16,Uranium USD (Acc),URNU.DE,Achat,0.649688,15.392,10.0
2024-12-23,Nifty 50 Swap USD (Acc),DBXN.DE,Achat,0.038842,257.45,10.0
2024-12-23,Core MSCI World USD (Acc),IWDA.AS,Achat,0.192252,104.03,20.0
2024-12-23,Uranium USD (Acc),URNU.DE,Achat,0.667824,14.974,10.0
2025-01-02,Core MSCI World USD (Acc),IWDA.AS,Achat,0.190714,104.869,20.0
2025-01-02,Uranium USD (Acc),URNU.DE,Achat,0.645244,15.498,10.0
2025-01-02,Nifty 50 Swap USD (Acc),DBXN.DE,Achat,0.03785,264.2,10.0
2025-01-09,Nifty 50 Swap USD (Acc),DBXN.DE,Achat,0.039131,255.55,10.0
2025-01-09,Core MSCI World USD (Acc),IWDA.AS,Achat,0.190249,105.125,20.0
2025-01-09,Uranium USD (Acc),URNU.DE,Achat,0.65206,15.336,10.0
2025-01-16,Nifty 50 Swap USD (Acc),DBXN.DE,Achat,0.039888,250.7,10.0
2025-01-16,Core MSCI World USD (Acc),IWDA.AS,Achat,0.189205,105.705,20.0
2025-01-16,Uranium USD (Acc),URNU.DE,Achat,0.657375,15.212,10.0
2025-01-23,AMD,AMD,Achat,0.008554,116.9,1.0
2025-01-23,Nifty 50 Swap USD (Acc),DBXN.DE,Achat,0.060655,247.3,15.0
2025-01-23,Core MSCI World USD (Acc),IWDA.AS,Achat,0.186671,107.14,20.0
2025-01-23,Uranium USD (Acc),URNU.DE,Achat,0.584043,17.122,10.0
2025-02-03,Bitcoin,BTC-EUR,Achat,2e-05,95396.78,1.91
2025-02-03,VINCI,DG.PA,Achat,0.029268,102.5,3.0
2025-02-03,MSCI Africa Top 50 Swap USD (Acc),XMKA.DE,Achat,0.423429,7.085,3.0
2025-02-03,MSCI Global Semiconductors USD (Acc),SEMI.AS,Achat,0.708817,7.054,5.0
2025-02-03,Core MSCI World USD (Acc),IWDA.AS,Achat,0.000186,107.07,0.02
2025-02-03,Nifty 50 Swap USD (Acc),DBXN.DE,Achat,0.059856,250.6,15.0
2025-02-03,Uranium USD (Acc),URNU.DE,Achat,0.620732,16.11,10.0
2025-02-03,Core MSCI World USD (Acc),IWDA.AS,Achat,0.186636,107.16,20.0
2025-02-10,Bitcoin,BTC-EUR,Achat,2e-05,97073.36,1.94
2025-02-10,VINCI,DG.PA,Achat,0.0277,108.3,3.0
2025-02-10,Nifty 50 Swap USD (Acc),DBXN.DE,Achat,0.060277,248.85,15.0
2025-02-10,Core MSCI World USD (Acc),IWDA.AS,Achat,0.184399,108.46,20.0
2025-02-10,MSCI Africa Top 50 Swap USD (Acc),XMKA.DE,Achat,0.41328,7.259,3.0
2025-02-10,MSCI Global Semiconductors USD (Acc),SEMI.AS,Achat,0.691276,7.233,5.0
2025-02-10,Uranium USD (Acc),URNU.DE,Achat,0.594671,16.816,10.0
2025-02-17,Bitcoin,BTC-EUR,Achat,2.1e-05,94729.33,1.99
2025-02-17,VINCI,DG.PA,Achat,0.027624,108.6,3.0
2025-02-17,Nifty 50 Swap USD (Acc),DBXN.DE,Achat,0.061753,242.9,15.0
2025-02-17,MSCI Africa Top 50 Swap USD (Acc),XMKA.DE,Achat,0.410902,7.301,3.0
2025-02-17,Core MSCI World USD (Acc),IWDA.AS,Achat,0.184629,108.325,20.0
2025-02-17,MSCI Global Semiconductors USD (Acc),SEMI.AS,Achat,0.688705,7.26,5.0
2025-02-17,Uranium USD (Acc),URNU.DE,Achat,0.632591,15.808,10.0
2025-02-24,Bitcoin,BTC-EUR,Achat,2.1e-05,93921.1,1.97
2025-02-24,VINCI,DG.PA,Achat,0.027434,109.35,3.0
2025-02-24,Nifty 50 Swap USD (Acc),DBXN.DE,Achat,0.062919,238.4,15.0
2025-02-24,Core MSCI World USD (Acc),IWDA.AS,Achat,0.188332,106.195,20.0
2025-02-24,MSCI Africa Top 50 Swap USD (Acc),XMKA.DE,Achat,0.401606,7.47,3.0
2025-02-24,AMD,AMD,Achat,0.007645,104.64,0.8
2025-02-24,MSCI Global Semiconductors USD (Acc),SEMI.AS,Achat,0.694927,7.195,5.0
2025-02-24,Uranium USD (Acc),URNU.DE,Achat,0.707613,14.132,10.0
2025-03-03,Bitcoin,BTC-EUR,Achat,4.3e-05,91496.35,3.93
2025-03-03,VINCI,DG.PA,Achat,0.027198,110.3,3.0
2025-03-03,Nifty 50 Swap USD (Acc),DBXN.DE,Achat,0.064212,233.6,15.0
2025-03-03,MSCI Africa Top 50 Swap USD (Acc),XMKA.DE,Achat,0.399573,7.508,3.0
2025-03-03,Core MSCI World USD (Acc),IWDA.AS,Achat,0.188602,106.043,20.0
2025-03-03,Core MSCI World USD (Acc),IWDA.AS,Achat,0.001697,106.015,0.18
2025-03-03,MSCI China USD (Acc),ICGA.DE,Achat,1.959247,5.104,10.0
2025-03-03,Uranium USD (Acc),URNU.DE,Achat,0.743936,13.442,10.0
2025-03-03,MSCI Global Semiconductors USD (Acc),SEMI.AS,Achat,0.741839,6.74,5.0
2025-03-10,Bitcoin,BTC-EUR,Achat,5.1e-05,78225.64,3.99
2025-03-10,Nifty 50 Swap USD (Acc),DBXN.DE,Achat,0.066312,226.2,15.0
2025-03-10,Core MSCI World USD (Acc),IWDA.AS,Achat,0.203012,98.516,20.0
2025-03-10,MSCI Africa Top 50 Swap USD (Acc),XMKA.DE,Achat,0.411522,7.29,3.0
2025-03-10,MSCI Global Semiconductors USD (Acc),SEMI.AS,Achat,0.809323,6.178,5.0
2025-03-10,MSCI China USD (Acc),ICGA.DE,Achat,1.972386,5.07,10.0
2025-03-10,Uranium USD (Acc),URNU.DE,Achat,0.807884,12.378,10.0
2025-03-17,Bitcoin,BTC-EUR,Achat,5e-05,79140.83,3.96
2025-03-17,VINCI,DG.PA,Achat,0.008488,117.8,1.0
2025-03-17,Nifty 50 Swap USD (Acc),DBXN.DE,Achat,0.065445,229.2,15.0
2025-03-17,Core MSCI World USD (Acc),IWDA.AS,Achat,0.203527,98.267,20.0
2025-03-17,MSCI Africa Top 50 Swap USD (Acc),XMKA.DE,Achat,0.403225,7.44,3.0
2025-03-17,MSCI Global Semiconductors USD (Acc),SEMI.AS,Achat,0.787897,6.346,5.0
2025-03-17,MSCI China USD (Acc),ICGA.DE,Achat,1.877581,5.326,10.0
2025-03-17,Uranium USD (Acc),URNU.DE,Achat,0.772797,12.94,10.0
2025-03-24,Bitcoin,BTC-EUR,Achat,4.8e-05,82563.78,3.96
2025-03-24,VINCI,DG.PA,Achat,0.008413,118.85,1.0
2025-03-24,Nifty 50 Swap USD (Acc),DBXN.DE,Achat,0.061012,245.85,15.0
2025-03-24,Core MSCI World USD (Acc),IWDA.AS,Achat,0.19855,100.73,20.0
2025-03-24,MSCI Africa Top 50 Swap USD (Acc),XMKA.DE,Achat,0.38961,7.7,3.0
2025-03-24,MSCI Global Semiconductors USD (Acc),SEMI.AS,Achat,0.768521,6.506,5.0
2025-03-24,MSCI China USD (Acc),ICGA.DE,Achat,1.942879,5.147,10.0
2025-03-24,Uranium USD (Acc),URNU.DE,Achat,0.737354,13.562,10.0
2025-03-27,RENK Group,R3NK.DE,Vente,0.4,44.125,17.65
2025-03-27,RENK Group,R3NK.DE,Vente,1.0,44.125,44.13
2025-04-02,VINCI,DG.PA,Achat,0.008499,117.65,1.0
2025-04-02,Bitcoin,BTC-EUR,Achat,4.9e-05,81328.21,3.99
2025-04-02,Nifty 50 Swap USD (Acc),DBXN.DE,Achat,0.061804,242.7,15.0
2025-04-02,MSCI Africa Top 50 Swap USD (Acc),XMKA.DE,Achat,0.401713,7.468,3.0
2025-04-02,Core MSCI World USD (Acc),IWDA.AS,Achat,0.204046,98.017,20.0
2025-04-02,MSCI Global Semiconductors USD (Acc),SEMI.AS,Achat,0.84076,5.947,5.0
2025-04-02,MSCI China USD (Acc),ICGA.DE,Achat,2.003606,4.991,10.0
2025-04-02,Uranium USD (Acc),URNU.DE,Achat,0.838785,11.922,10.0
2025-04-09,Bitcoin,BTC-EUR,Achat,5.5e-05,71648.69,3.94
2025-04-09,VINCI,DG.PA,Achat,0.00928,107.75,1.0
2025-04-09,Nifty 50 Swap USD (Acc),DBXN.DE,Achat,0.066666,225.0,15.0
2025-04-09,Core MSCI World USD (Acc),IWDA.AS,Achat,0.231894,86.246,20.0
2025-04-09,MSCI Africa Top 50 Swap USD (Acc),XMKA.DE,Achat,0.450992,6.652,3.0
2025-04-09,MSCI Global Semiconductors USD (Acc),SEMI.AS,Achat,1.002104,4.9895,5.0
2025-04-09,MSCI China USD (Acc),ICGA.DE,Achat,2.366023,4.2265,10.0
2025-04-09,Uranium USD (Acc),URNU.DE,Achat,0.96043,10.412,10.0
2025-04-16,Bitcoin,BTC-EUR,Achat,5.2e-05,75800.79,3.94
2025-04-16,Nikkei 225 JPY (Acc),XNKY.DE,Achat,0.219458,68.35,15.0
2025-04-16,VINCI,DG.PA,Achat,0.008435,118.55,1.0
2025-04-16,Nifty 50 Swap USD (Acc),DBXN.DE,Achat,0.064963,230.9,15.0
2025-04-16,Core MSCI World USD (Acc),IWDA.AS,Achat,0.223456,89.503,20.0
2025-04-16,MSCI Africa Top 50 Swap USD (Acc),XMKA.DE,Achat,0.418176,7.174,3.0
2025-04-16,MSCI Global Semiconductors USD (Acc),SEMI.AS,Achat,1.920122,5.208,10.0
2025-04-16,MSCI China USD (Acc),ICGA.DE,Achat,2.29753,4.3525,10.0
2025-04-16,Uranium USD (Acc),URNU.DE,Achat,0.863259,11.584,10.0
2025-04-23,Bitcoin,BTC-EUR,Achat,4.7e-05,84814.59,3.99
2025-04-23,Nikkei 225 JPY (Acc),XNKY.DE,Achat,0.212524,70.58,15.0
2025-04-23,VINCI,DG.PA,Achat,0.008399,119.05,1.0
2025-04-23,Nifty 50 Swap USD (Acc),DBXN.DE,Achat,0.062176,241.25,15.0
2025-04-23,Core MSCI World USD (Acc),IWDA.AS,Achat,0.217325,92.028,20.0
2025-04-23,MSCI Africa Top 50 Swap USD (Acc),XMKA.DE,Achat,0.411296,7.294,3.0
2025-04-23,MSCI Global Semiconductors USD (Acc),SEMI.AS,Achat,1.849454,5.407,10.0
2025-04-23,MSCI China USD (Acc),ICGA.DE,Achat,2.177463,4.5925,10.0
2025-04-23,Uranium USD (Acc),URNU.DE,Achat,0.83696,11.948,10.0
2025-05-02,Bitcoin,BTC-EUR,Achat,4.5e-05,88144.54,3.97
2025-05-02,Nikkei 225 JPY (Acc),XNKY.DE,Achat,0.20475,73.26,15.0
2025-05-02,VINCI,DG.PA,Achat,0.008022,124.65,1.0
2025-05-02,Nifty 50 Swap USD (Acc),DBXN.DE,Achat,0.061362,244.45,15.0
2025-05-02,MSCI Africa Top 50 Swap USD (Acc),XMKA.DE,Achat,0.404149,7.423,3.0
2025-05-02,MSCI Global Semiconductors USD (Acc),SEMI.AS,Achat,1.732501,5.772,10.0
2025-05-02,MSCI China USD (Acc),ICGA.DE,Achat,2.138579,4.676,10.0
2025-05-02,Core MSCI World USD (Acc),IWDA.AS,Achat,0.208995,95.696,20.0
2025-05-02,Uranium USD (Acc),URNU.DE,Achat,0.762427,13.116,10.0
2025-05-09,Bitcoin,BTC-EUR,Achat,4.2e-05,94375.86,3.96
2025-05-09,Nikkei 225 JPY (Acc),XNKY.DE,Achat,0.199813,75.07,15.0
2025-05-09,VINCI,DG.PA,Achat,0.007911,126.4,1.0
2025-05-09,Nifty 50 Swap USD (Acc),DBXN.DE,Achat,0.062552,239.8,15.0
2025-05-09,Core MSCI World USD (Acc),IWDA.AS,Achat,0.207052,96.594,20.0
2025-05-09,MSCI Africa Top 50 Swap USD (Acc),XMKA.DE,Achat,0.399893,7.502,3.0
2025-05-09,MSCI Global Semiconductors USD (Acc),SEMI.AS,Achat,1.681802,5.946,10.0
2025-05-09,MSCI China USD (Acc),ICGA.DE,Achat,2.118195,4.721,10.0
2025-05-09,Uranium USD (Acc),URNU.DE,Achat,0.738989,13.532,10.0
2025-05-16,Bitcoin,BTC-EUR,Achat,2e-05,95801.47,1.92
2025-05-16,Nikkei 225 JPY (Acc),XNKY.DE,Achat,0.197863,75.81,15.0
2025-05-16,VINCI,DG.PA,Achat,0.007892,126.7,1.0
2025-05-16,Nifty 50 Swap USD (Acc),DBXN.DE,Achat,0.020016,249.8,5.0
2025-05-16,Core MSCI World USD (Acc),IWDA.AS,Achat,0.14921,100.529,15.0
2025-05-16,MSCI Africa Top 50 Swap USD (Acc),XMKA.DE,Achat,0.395726,7.581,3.0
2025-05-16,MSCI Global Semiconductors USD (Acc),SEMI.AS,Achat,1.534919,6.515,10.0
2025-05-16,MSCI China USD (Acc),ICGA.DE,Achat,2.058884,4.857,10.0
2025-05-16,Uranium USD (Acc),URNU.DE,Achat,0.699496,14.296,10.0
2025-05-23,Bitcoin,BTC-EUR,Achat,1.9e-05,100709.58,1.91
2025-05-23,Nikkei 225 JPY (Acc),XNKY.DE,Achat,0.200481,74.82,15.0
2025-05-23,VINCI,DG.PA,Achat,0.007733,129.3,1.0
2025-05-23,Nifty 50 Swap USD (Acc),DBXN.DE,Achat,0.020408,245.0,5.0
2025-05-23,Core MSCI World USD (Acc),IWDA.AS,Achat,0.15328,97.86,15.0
2025-05-23,MSCI Africa Top 50 Swap USD (Acc),XMKA.DE,Achat,0.395935,7.577,3.0
2025-05-23,MSCI Global Semiconductors USD (Acc),SEMI.AS,Achat,1.622849,6.162,10.0
2025-05-23,MSCI China USD (Acc),ICGA.DE,Achat,2.078569,4.811,10.0
2025-05-23,Uranium USD (Acc),URNU.DE,Achat,0.62539,15.99,10.0
2025-06-02,Bitcoin,BTC-EUR,Achat,2e-05,95432.61,1.91
2025-06-02,Nikkei 225 JPY (Acc),XNKY.DE,Achat,0.199973,75.01,15.0
2025-06-02,VINCI,DG.PA,Achat,0.007911,126.4,1.0
2025-06-02,Nifty 50 Swap USD (Acc),DBXN.DE,Achat,0.041254,242.4,10.0
2025-06-02,MSCI Africa Top 50 Swap USD (Acc),XMKA.DE,Achat,0.393442,7.625,3.0
2025-06-02,Core MSCI World USD (Acc),IWDA.AS,Achat,0.152106,98.615,15.0
2025-06-02,MSCI Global Semiconductors USD (Acc),SEMI.AS,Achat,1.603334,6.237,10.0
2025-06-09,Bitcoin,BTC-EUR,Achat,2e-05,95299.64,1.91
2025-06-09,Nikkei 225 JPY (Acc),XNKY.DE,Achat,0.13252,75.46,10.0
2025-06-09,VINCI,DG.PA,Achat,0.007905,126.5,1.0
2025-06-09,Nifty 50 Swap USD (Acc),DBXN.DE,Achat,0.04065,246.0,10.0
2025-06-09,Core MSCI World USD (Acc),IWDA.AS,Achat,0.149333,100.446,15.0
2025-06-09,MSCI Africa Top 50 Swap USD (Acc),XMKA.DE,Achat,0.379746,7.9,3.0
2025-06-09,MSCI Global Semiconductors USD (Acc),SEMI.AS,Achat,1.493428,6.696,10.0
2025-06-09,Uranium USD (Acc),URNU.DE,Achat,0.279892,17.864,5.0
2025-06-16,Bitcoin,BTC-EUR,Achat,2e-05,95421.05,1.91
2025-06-16,Nikkei 225 JPY (Acc),XNKY.DE,Achat,0.133209,75.07,10.0
2025-06-16,VINCI,DG.PA,Achat,0.007971,125.45,1.0
2025-06-16,Nifty 50 Swap USD (Acc),DBXN.DE,Achat,0.062447,240.2,15.0
2025-06-16,Core MSCI World USD (Acc),IWDA.AS,Achat,0.150859,99.43,15.0
2025-06-16,MSCI Africa Top 50 Swap USD (Acc),XMKA.DE,Achat,0.390066,7.691,3.0
2025-06-16,MSCI Global Semiconductors USD (Acc),SEMI.AS,Achat,1.480165,6.756,10.0
2025-06-16,MSCI China USD (Acc),ICGA.DE,Achat,3.125976,4.7985,15.0
2025-06-16,Uranium USD (Acc),URNU.DE,Achat,0.257228,19.438,5.0
2025-06-23,Bitcoin,BTC-EUR,Achat,2.1e-05,91251.25,1.92
2025-06-23,Nikkei 225 JPY (Acc),XNKY.DE,Achat,0.13477,74.2,10.0
2025-06-23,VINCI,DG.PA,Achat,0.008166,122.45,1.0
2025-06-23,Nifty 50 Swap USD (Acc),DBXN.DE,Achat,0.062539,239.85,15.0
2025-06-23,Core MSCI World USD (Acc),IWDA.AS,Achat,0.151539,98.984,15.0
2025-06-23,MSCI Africa Top 50 Swap USD (Acc),XMKA.DE,Achat,0.399893,7.502,3.0
2025-06-23,MSCI Global Semiconductors USD (Acc),SEMI.AS,Achat,1.479508,6.759,10.0
2025-06-23,MSCI China USD (Acc),ICGA.DE,Achat,3.183361,4.712,15.0
2025-06-23,Uranium USD (Acc),URNU.DE,Achat,0.264158,18.928,5.0
2025-07-02,Bitcoin,BTC-EUR,Achat,2.1e-05,93619.61,1.97
2025-07-02,Nikkei 225 JPY (Acc),XNKY.DE,Achat,0.065197,76.69,5.0
2025-07-02,Evolution Gaming Group,E3G1.F,Achat,0.058582,68.28,4.0
2025-07-02,VINCI,DG.PA,Achat,0.00798,125.3,1.0
2025-07-02,Schneider Electric,SU.PA,Achat,0.017837,224.25,4.0
2025-07-02,Gaztransport Technigaz,GTT.PA,Achat,0.012224,163.6,2.0
2025-07-02,Nifty 50 Swap USD (Acc),DBXN.DE,Achat,0.061983,242.0,15.0
2025-07-02,Core MSCI World USD (Acc),IWDA.AS,Achat,0.149655,100.23,15.0
2025-07-02,MSCI Africa Top 50 Swap USD (Acc),XMKA.DE,Achat,0.389256,7.707,3.0
2025-07-02,MSCI Global Semiconductors USD (Acc),SEMI.AS,Achat,0.712047,7.022,5.0
2025-07-02,MSCI China USD (Acc),ICGA.DE,Achat,3.192168,4.699,15.0
2025-07-02,Uranium USD (Acc),URNU.DE,Achat,0.054448,18.366,1.0
2025-07-09,Bitcoin,BTC-EUR,Achat,2e-05,95691.72,1.91
2025-07-09,Nikkei 225 JPY (Acc),XNKY.DE,Achat,0.06605,75.7,5.0
2025-07-09,Evolution Gaming Group,E3G1.F,Achat,0.058462,68.42,4.0
2025-07-09,VINCI,DG.PA,Achat,0.007949,125.8,1.0
2025-07-09,Schneider Electric,SU.PA,Achat,0.017761,225.2,4.0
2025-07-09,Gaztransport Technigaz,GTT.PA,Achat,0.01215,164.6,2.0
2025-07-09,Nifty 50 Swap USD (Acc),DBXN.DE,Achat,0.061337,244.55,15.0
2025-07-09,Core MSCI World USD (Acc),IWDA.AS,Achat,0.098531,101.49,10.0
2025-07-09,MSCI Africa Top 50 Swap USD (Acc),XMKA.DE,Achat,0.384172,7.809,3.0
2025-07-09,MSCI Global Semiconductors USD (Acc),SEMI.AS,Achat,0.695894,7.185,5.0
2025-07-09,MSCI China USD (Acc),ICGA.DE,Achat,3.197612,4.691,15.0
2025-07-09,Uranium USD (Acc),URNU.DE,Achat,0.055972,17.866,1.0
2025-07-16,Bitcoin,BTC-EUR,Achat,1.9e-05,104892.5,1.99
2025-07-16,Nikkei 225 JPY (Acc),XNKY.DE,Achat,0.066746,74.91,5.0
2025-07-16,Evolution Gaming Group,E3G1.F,Achat,0.058565,68.3,4.0
2025-07-16,VINCI,DG.PA,Achat,0.008058,124.1,1.0
2025-07-16,Schneider Electric,SU.PA,Achat,0.017845,224.15,4.0
2025-07-16,Gaztransport Technigaz,GTT.PA,Achat,0.011968,167.1,2.0
2025-07-16,Nifty 50 Swap USD (Acc),DBXN.DE,Achat,0.061639,243.35,15.0
2025-07-16,Core MSCI World USD (Acc),IWDA.AS,Achat,0.098068,101.97,10.0
2025-07-16,MSCI Africa Top 50 Swap USD (Acc),XMKA.DE,Achat,0.381922,7.855,3.0
2025-07-16,MSCI China USD (Acc),ICGA.DE,Achat,3.073455,4.8805,15.0
2025-07-16,MSCI Global Semiconductors USD (Acc),SEMI.AS,Achat,0.689369,7.253,5.0
2025-07-16,Uranium USD (Acc),URNU.DE,Achat,0.050494,19.804,1.0
2025-07-23,Bitcoin,BTC-EUR,Achat,1.9e-05,103999.2,1.98
2025-07-23,Nikkei 225 JPY (Acc),XNKY.DE,Achat,0.064217,77.86,5.0
2025-07-23,Evolution Gaming Group,E3G1.F,Achat,0.052603,76.04,4.0
2025-07-23,VINCI,DG.PA,Achat,0.008067,123.95,1.0
2025-07-23,Schneider Electric,SU.PA,Achat,0.017021,235.0,4.0
2025-07-23,Gaztransport Technigaz,GTT.PA,Achat,0.012406,161.2,2.0
2025-07-23,Nifty 50 Swap USD (Acc),DBXN.DE,Achat,0.062814,238.8,15.0
2025-07-23,Core MSCI World USD (Acc),IWDA.AS,Achat,0.097703,102.35,10.0
2025-07-23,MSCI Africa Top 50 Swap USD (Acc),XMKA.DE,Achat,0.37005,8.107,3.0
2025-07-23,MSCI Global Semiconductors USD (Acc),SEMI.AS,Achat,0.705019,7.092,5.0
2025-07-23,MSCI China USD (Acc),ICGA.DE,Achat,2.958579,5.07,15.0
2025-07-23,Uranium USD (Acc),URNU.DE,Achat,0.048983,20.415,1.0
2025-08-04,Bitcoin,BTC-EUR,Achat,1.9e-05,101786.67,1.93
2025-08-04,Nikkei 225 JPY (Acc),XNKY.DE,Achat,0.064825,77.13,5.0
2025-08-04,Evolution Gaming Group,E3G1.F,Achat,0.051907,77.06,4.0
2025-08-04,VINCI,DG.PA,Achat,0.008319,120.2,1.0
2025-08-04,Schneider Electric,SU.PA,Achat,0.01848,216.45,4.0
2025-08-04,Gaztransport Technigaz,GTT.PA,Achat,0.011862,168.6,2.0
2025-08-04,Nifty 50 Swap USD (Acc),DBXN.DE,Achat,0.064102,234.0,15.0
2025-08-04,MSCI Africa Top 50 Swap USD (Acc),XMKA.DE,Achat,0.363592,8.251,3.0
2025-08-04,Core MSCI World USD (Acc),IWDA.AS,Achat,0.048574,102.935,5.0
2025-08-04,MSCI Global Semiconductors USD (Acc),SEMI.AS,Achat,0.704126,7.101,5.0
2025-08-04,MSCI China USD (Acc),ICGA.DE,Achat,3.003003,4.995,15.0
2025-08-04,Uranium USD (Acc),URNU.DE,Achat,0.050875,19.656,1.0
2025-08-11,Bitcoin,BTC-EUR,Achat,1.8e-05,107617.43,1.94
2025-08-11,Nikkei 225 JPY (Acc),XNKY.DE,Achat,0.062165,80.43,5.0
2025-08-11,Evolution Gaming Group,E3G1.F,Achat,0.050864,78.64,4.0
2025-08-11,VINCI,DG.PA,Achat,0.008074,123.85,1.0
2025-08-11,Schneider Electric,SU.PA,Achat,0.018173,220.1,4.0
2025-08-11,Gaztransport Technigaz,GTT.PA,Achat,0.012391,161.4,2.0
2025-08-11,Nifty 50 Swap USD (Acc),DBXN.DE,Achat,0.064963,230.9,15.0
2025-08-11,Core MSCI World USD (Acc),IWDA.AS,Achat,0.047996,104.175,5.0
2025-08-11,MSCI Africa Top 50 Swap USD (Acc),XMKA.DE,Achat,0.353773,8.48,3.0
2025-08-11,MSCI Global Semiconductors USD (Acc),SEMI.AS,Achat,0.684369,7.306,5.0
2025-08-11,MSCI China USD (Acc),ICGA.DE,Achat,2.985668,5.024,15.0
2025-08-11,Uranium USD (Acc),URNU.DE,Achat,0.05004,19.984,1.0
2025-08-18,Bitcoin,BTC-EUR,Achat,1.9e-05,101624.07,1.93
2025-08-18,Nikkei 225 JPY (Acc),XNKY.DE,Achat,0.060364,82.83,5.0
2025-08-18,Evolution Gaming Group,E3G1.F,Achat,0.053922,74.18,4.0
2025-08-18,VINCI,DG.PA,Achat,0.007763,128.8,1.0
2025-08-18,Schneider Electric,SU.PA,Achat,0.018206,219.7,4.0
2025-08-18,BYD,BY6.F,Achat,0.398247,12.555,5.0
2025-08-18,Gaztransport Technigaz,GTT.PA,Achat,0.012468,160.4,2.0
2025-08-18,Nifty 50 Swap USD (Acc),DBXN.DE,Achat,0.063979,234.45,15.0
2025-08-18,MSCI Africa Top 50 Swap USD (Acc),XMKA.DE,Achat,0.354484,8.463,3.0
2025-08-18,Core MSCI World USD (Acc),IWDA.AS,Achat,0.047698,104.8247,5.0
2025-08-18,MSCI Global Semiconductors USD (Acc),SEMI.AS,Achat,0.410733,7.304,3.0
2025-08-18,MSCI China USD (Acc),ICGA.DE,Achat,1.934984,5.168,10.0
2025-08-18,Uranium USD (Acc),URNU.DE,Achat,0.05198,19.238,1.0
2025-08-25,Bitcoin,BTC-EUR,Achat,2e-05,98411.0,1.97
2025-08-25,Schneider Electric,SU.PA,Achat,0.018704,213.85,4.0
2025-08-25,Nikkei 225 JPY (Acc),XNKY.DE,Achat,0.061804,80.9,5.0
2025-08-25,Evolution Gaming Group,E3G1.F,Achat,0.051666,77.42,4.0
2025-08-25,VINCI,DG.PA,Achat,0.007939,125.95,1.0
2025-08-25,BYD,BY6.F,Achat,0.392927,12.725,5.0
2025-08-25,Gaztransport Technigaz,GTT.PA,Achat,0.012658,158.0,2.0
2025-08-25,Nifty 50 Swap USD (Acc),DBXN.DE,Achat,0.064006,234.35,15.0
2025-08-25,Core MSCI World USD (Acc),IWDA.AS,Achat,0.047666,104.895,5.0
2025-08-25,MSCI Africa Top 50 Swap USD (Acc),XMKA.DE,Achat,0.351576,8.533,3.0
2025-08-25,MSCI Global Semiconductors USD (Acc),SEMI.AS,Achat,0.414593,7.236,3.0
2025-08-25,MSCI China USD (Acc),ICGA.DE,Achat,1.882884,5.311,10.0
2025-08-25,Uranium USD (Acc),URNU.DE,Achat,0.0509,19.646,1.0
2025-09-02,Bitcoin,BTC-EUR,Achat,2e-05,97353.79,1.95
2025-09-02,Nikkei 225 JPY (Acc),XNKY.DE,Achat,0.062664,79.79,5.0
2025-09-02,Evolution Gaming Group,E3G1.F,Achat,0.055524,72.04,4.0
2025-09-02,VINCI,DG.PA,Achat,0.008752,114.25,1.0
2025-09-02,Schneider Electric,SU.PA,Achat,0.018726,213.6,4.0
2025-09-02,BYD,BY6.F,Achat,0.412371,12.125,5.0
2025-09-02,Gaztransport Technigaz,GTT.PA,Achat,0.012562,159.2,2.0
2025-09-02,Nifty 50 Swap USD (Acc),DBXN.DE,Achat,0.06543,229.25,15.0
2025-09-02,MSCI Africa Top 50 Swap USD (Acc),XMKA.DE,Achat,0.354819,8.455,3.0
2025-09-02,AMD,AMD,Achat,0.024981,138.1,3.45
2025-09-02,Core MSCI World USD (Acc),IWDA.AS,Achat,0.00961,104.055,1.0
2025-09-02,MSCI Global Semiconductors USD (Acc),SEMI.AS,Achat,0.141703,7.057,1.0
2025-09-02,MSCI China USD (Acc),ICGA.DE,Achat,1.885725,5.303,10.0
2025-09-02,Core MSCI World USD (Acc),IWDA.AS,Achat,0.003363,104.0501,0.35
2025-09-02,Uranium USD (Acc),URNU.DE,Achat,0.050387,19.846,1.0
2025-09-09,Bitcoin,BTC-EUR,Achat,2e-05,98716.6,1.97
2025-09-09,Schneider Electric,SU.PA,Achat,0.017765,225.15,4.0
2025-09-09,Gaztransport Technigaz,GTT.PA,Achat,0.013175,151.8,2.0
2025-09-09,Nikkei 225 JPY (Acc),XNKY.DE,Achat,0.060849,82.17,5.0
2025-09-09,BYD,BY6.F,Achat,0.433463,11.535,5.0
2025-09-09,Evolution Gaming Group,E3G1.F,Achat,0.054734,73.08,4.0
2025-09-09,VINCI,DG.PA,Achat,0.008496,117.7,1.0
2025-09-09,Nifty 50 Swap USD (Acc),DBXN.DE,Achat,0.065047,230.6,15.0
2025-09-09,MSCI Africa Top 50 Swap USD (Acc),XMKA.DE,Achat,0.351452,8.536,3.0
2025-09-09,Core MSCI World USD (Acc),IWDA.AS,Achat,0.00951,105.15,1.0
2025-09-09,MSCI Global Semiconductors USD (Acc),SEMI.AS,Achat,0.135722,7.368,1.0
2025-09-09,MSCI China USD (Acc),ICGA.DE,Achat,1.848087,5.411,10.0
2025-09-09,Uranium USD (Acc),URNU.DE,Achat,0.048414,20.655,1.0
2025-09-16,Bitcoin,BTC-EUR,Achat,1.9e-05,101175.39,1.92
2025-09-16,Nikkei 225 JPY (Acc),XNKY.DE,Achat,0.059017,84.72,5.0
2025-09-16,Evolution Gaming Group,E3G1.F,Achat,0.05226,76.54,4.0
2025-09-16,VINCI,DG.PA,Achat,0.00841,118.9,1.0
2025-09-16,Schneider Electric,SU.PA,Achat,0.01716,233.1,4.0
2025-09-16,BYD,BY6.F,Achat,0.4158,12.025,5.0
2025-09-16,Gaztransport Technigaz,GTT.PA,Achat,0.01257,159.1,2.0
2025-09-16,Nifty 50 Swap USD (Acc),DBXN.DE,Achat,0.064571,232.3,15.0
2025-09-16,MSCI Africa Top 50 Swap USD (Acc),XMKA.DE,Achat,0.349813,8.576,3.0
2025-09-16,Core MSCI World USD (Acc),IWDA.AS,Achat,0.00944,105.9252,1.0
2025-09-16,MSCI Global Semiconductors USD (Acc),SEMI.AS,Achat,0.129048,7.749,1.0
2025-09-16,MSCI China USD (Acc),ICGA.DE,Achat,1.827151,5.473,10.0
2025-09-16,Uranium USD (Acc),URNU.DE,Achat,0.045218,22.115,1.0
2025-09-23,Bitcoin,BTC-EUR,Achat,2e-05,98982.04,1.98
2025-09-23,Nikkei 225 JPY (Acc),XNKY.DE,Achat,0.05822,85.88,5.0
2025-09-23,Evolution Gaming Group,E3G1.F,Achat,0.053304,75.04,4.0
2025-09-23,VINCI,DG.PA,Achat,0.008463,118.15,1.0
2025-09-23,Schneider Electric,SU.PA,Achat,0.017028,234.9,4.0
2025-09-23,BYD,BY6.F,Achat,0.429368,11.645,5.0
2025-09-23,Gaztransport Technigaz,GTT.PA,Achat,0.013029,153.5,2.0
2025-09-23,Nifty 50 Swap USD (Acc),DBXN.DE,Achat,0.065047,230.6,15.0
2025-09-23,MSCI Africa Top 50 Swap USD (Acc),XMKA.DE,Achat,0.348594,8.606,3.0
2025-09-23,Core MSCI World USD (Acc),IWDA.AS,Achat,0.00931,107.405,1.0
2025-09-23,MSCI Global Semiconductors USD (Acc),SEMI.AS,Achat,0.121624,8.222,1.0
2025-09-23,MSCI China USD (Acc),ICGA.DE,Achat,1.824817,5.48,10.0
2025-09-23,Uranium USD (Acc),URNU.DE,Achat,0.039039,25.615,1.0
2025-10-02,Bitcoin,BTC-EUR,Achat,1.9e-05,104383.78,1.98
2025-10-02,Nikkei 225 JPY (Acc),XNKY.DE,Achat,0.058472,85.51,5.0
2025-10-02,Evolution Gaming Group,E3G1.F,Achat,0.057061,70.1,4.0
2025-10-02,VINCI,DG.PA,Achat,0.008467,118.1,1.0
2025-10-02,Schneider Electric,SU.PA,Achat,0.015936,251.0,4.0
2025-10-02,Gaztransport Technigaz,GTT.PA,Achat,0.012779,156.5,2.0
2025-10-02,BYD,BY6.F,Achat,0.401606,12.45,5.0
2025-10-02,Nifty 50 Swap USD (Acc),DBXN.DE,Achat,0.065616,228.6,15.0
2025-10-02,MSCI Africa Top 50 Swap USD (Acc),XMKA.DE,Achat,0.343053,8.745,3.0
2025-10-02,Core MSCI World USD (Acc),IWDA.AS,Achat,0.009221,108.44,1.0
2025-10-02,MSCI China USD (Acc),ICGA.DE,Achat,1.734906,5.764,10.0
2025-10-02,Uranium USD (Acc),URNU.DE,Achat,0.040355,24.78,1.0
2025-10-02,MSCI Global Semiconductors USD (Acc),SEMI.AS,Achat,0.116863,8.557,1.0
2025-10-09,Bitcoin,BTC-EUR,Achat,1.8e-05,108045.01,1.94
2025-10-09,Nikkei 225 JPY (Acc),XNKY.DE,Achat,0.055512,90.07,5.0
2025-10-09,Evolution Gaming Group,E3G1.F,Achat,0.059382,67.36,4.0
2025-10-09,VINCI,DG.PA,Achat,0.008463,118.15,1.0
2025-10-09,Schneider Electric,SU.PA,Achat,0.016009,249.85,4.0
2025-10-09,BYD,BY6.F,Achat,0.410172,12.19,5.0
2025-10-09,Gaztransport Technigaz,GTT.PA,Achat,0.01218,164.2,2.0
2025-10-09,Nifty 50 Swap USD (Acc),DBXN.DE,Achat,0.042762,233.85,10.0
2025-10-09,MSCI Africa Top 50 Swap USD (Acc),XMKA.DE,Achat,0.335871,8.932,3.0
2025-10-09,Core MSCI World USD (Acc),IWDA.AS,Achat,0.009088,110.03,1.0
2025-10-09,MSCI Global Semiconductors USD (Acc),SEMI.AS,Achat,0.111881,8.938,1.0
2025-10-09,MSCI China USD (Acc),ICGA.DE,Achat,1.759633,5.683,10.0
2025-10-09,Uranium USD (Acc),URNU.DE,Achat,0.037174,26.9,1.0
2025-10-16,Bitcoin,BTC-EUR,Achat,1e-05,98544.88,0.99
2025-10-16,Nikkei 225 JPY (Acc),XNKY.DE,Achat,0.055407,90.24,5.0
2025-10-16,Evolution Gaming Group,E3G1.F,Achat,0.060957,65.62,4.0
2025-10-16,VINCI,DG.PA,Achat,0.008371,119.45,1.0
2025-10-16,Schneider Electric,SU.PA,Achat,0.016125,248.05,4.0
2025-10-16,BYD,BY6.F,Achat,0.419639,11.915,5.0
2025-10-16,Gaztransport Technigaz,GTT.PA,Achat,0.012353,161.9,2.0
2025-10-16,Nifty 50 Swap USD (Acc),DBXN.DE,Achat,0.041876,238.8,10.0
2025-10-16,MSCI Africa Top 50 Swap USD (Acc),XMKA.DE,Achat,0.344629,8.705,3.0
2025-10-16,Core MSCI World USD (Acc),IWDA.AS,Achat,0.009188,108.8297,1.0
2025-10-16,MSCI Global Semiconductors USD (Acc),SEMI.AS,Achat,0.110692,9.034,1.0
2025-10-16,MSCI China USD (Acc),ICGA.DE,Achat,1.812907,5.516,10.0
2025-10-16,Uranium USD (Acc),URNU.DE,Achat,0.032315,30.945,1.0
2025-10-20,AI Artificial Intelligence Ventures,AVI.V,Vente,99.0,0.207,20.49
2025-10-23,Bitcoin,BTC-EUR,Achat,1e-05,97691.11,0.98
2025-10-23,Nikkei 225 JPY (Acc),XNKY.DE,Achat,0.055175,90.62,5.0
2025-10-23,Evolution Gaming Group,E3G1.F,Achat,0.065509,61.06,4.0
2025-10-23,VINCI,DG.PA,Achat,0.0082,121.95,1.0
2025-10-23,Schneider Electric,SU.PA,Achat,0.016187,247.1,4.0
2025-10-23,BYD,BY6.F,Achat,0.433087,11.545,5.0
2025-10-23,Gaztransport Technigaz,GTT.PA,Achat,0.01204,166.1,2.0
2025-10-23,Nifty 50 Swap USD (Acc),DBXN.DE,Achat,0.040966,244.1,10.0
2025-10-23,MSCI Africa Top 50 Swap USD (Acc),XMKA.DE,Achat,0.337078,8.9,3.0
2025-10-23,Core MSCI World USD (Acc),IWDA.AS,Achat,0.009132,109.505,1.0
2025-10-23,MSCI Global Semiconductors USD (Acc),SEMI.AS,Achat,0.111395,8.977,1.0
2025-10-23,MSCI China USD (Acc),ICGA.DE,Achat,1.798237,5.561,10.0
2025-10-23,Uranium USD (Acc),URNU.DE,Achat,0.039009,25.635,1.0
2025-11-03,Bitcoin,BTC-EUR,Achat,1e-05,96138.99,0.96
2025-11-03,Nikkei 225 JPY (Acc),XNKY.DE,Achat,0.051599,96.9,5.0
2025-11-03,Evolution Gaming Group,E3G1.F,Achat,0.067521,59.24,4.0
2025-11-03,VINCI,DG.PA,Achat,0.008631,115.85,1.0
2025-11-03,Schneider Electric,SU.PA,Achat,0.016293,245.5,4.0
2025-11-03,Gaztransport Technigaz,GTT.PA,Achat,0.010964,182.4,2.0
2025-11-03,BYD,BY6.F,Achat,0.452898,11.04,5.0
2025-11-03,Pernod Ricard,FR0000120693,Achat,0.046728,85.6,4.0
2025-11-03,Global Clean Energy USD (Dist),IQQH.DE,Achat,0.453463,8.821,4.0
2025-11-03,Nifty 50 Swap USD (Acc),DBXN.DE,Achat,0.04139,241.6,10.0
2025-11-03,MSCI Africa Top 50 Swap USD (Acc),XMKA.DE,Achat,0.329091,9.116,3.0
2025-11-03,Core MSCI World USD (Acc),IWDA.AS,Achat,0.008934,111.92,1.0
2025-11-03,MSCI Global Semiconductors USD (Acc),SEMI.AS,Achat,0.102406,9.765,1.0
2025-11-03,MSCI China USD (Acc),ICGA.DE,Achat,1.797268,5.564,10.0
2025-11-03,Uranium USD (Acc),URNU.DE,Achat,0.036744,27.215,1.0
2025-11-10,Bitcoin,BTC-EUR,Achat,1e-05,94595.96,0.95
2025-11-10,Nikkei 225 JPY (Acc),XNKY.DE,Achat,0.053191,94.0,5.0
2025-11-10,Evolution Gaming Group,E3G1.F,Achat,0.068282,58.58,4.0
2025-11-10,VINCI,DG.PA,Achat,0.008594,116.35,1.0
2025-11-10,Schneider Electric,SU.PA,Achat,0.017046,234.65,4.0
2025-11-10,BYD,BY6.F,Achat,0.443262,11.28,5.0
2025-11-10,Gaztransport Technigaz,GTT.PA,Achat,0.011135,179.6,2.0
2025-11-10,Pernod Ricard,FR0000120693,Achat,0.047393,84.4,4.0
2025-11-10,Global Clean Energy USD (Dist),IQQH.DE,Achat,0.443311,9.023,4.0
2025-11-10,Nifty 50 Swap USD (Acc),DBXN.DE,Achat,0.041876,238.8,10.0
2025-11-10,MSCI Africa Top 50 Swap USD (Acc),XMKA.DE,Achat,0.328083,9.144,3.0
2025-11-10,Core MSCI World USD (Acc),IWDA.AS,Achat,0.008993,111.195,1.0
2025-11-10,MSCI Global Semiconductors USD (Acc),SEMI.AS,Achat,0.105008,9.523,1.0
2025-11-10,MSCI China USD (Acc),ICGA.DE,Achat,1.775252,5.633,10.0
2025-11-10,Uranium USD (Acc),URNU.DE,Achat,0.040683,24.58,1.0
2025-11-17,Bitcoin,BTC-EUR,Achat,1.1e-05,85017.36,0.94
2025-11-17,Nikkei 225 JPY (Acc),XNKY.DE,Achat,0.054141,92.35,5.0
2025-11-17,Schneider Electric,SU.PA,Achat,0.017171,232.95,4.0
2025-11-17,Gaztransport Technigaz,GTT.PA,Achat,0.011198,178.6,2.0
2025-11-17,Pernod Ricard,FR0000120693,Achat,0.049297,81.14,4.0
2025-11-17,Evolution Gaming Group,E3G1.F,Achat,0.069979,57.16,4.0
2025-11-17,BYD,BY6.F,Achat,0.447627,11.17,5.0
2025-11-17,VINCI,DG.PA,Achat,0.008413,118.85,1.0
2025-11-17,Global Clean Energy USD (Dist),IQQH.DE,Achat,0.475963,8.404,4.0
2025-11-17,Nifty 50 Swap USD (Acc),DBXN.DE,Achat,0.041034,243.7,10.0
2025-11-17,MSCI EM USD (Acc),IE00B4L5YC18,Achat,0.089778,44.554,4.0
2025-11-17,MSCI Africa Top 50 Swap USD (Acc),XMKA.DE,Achat,0.32996,9.092,3.0
2025-11-17,AMD,AMD,Achat,0.001416,211.75,0.3
2025-11-17,Core MSCI World USD (Acc),IWDA.AS,Achat,0.009095,109.9499,1.0
2025-11-17,MSCI Global Semiconductors USD (Acc),SEMI.AS,Achat,0.109158,9.161,1.0
2025-11-17,MSCI China USD (Acc),ICGA.DE,Achat,0.907276,5.511,5.0
2025-11-17,Uranium USD (Acc),URNU.DE,Achat,0.133511,22.47,3.0
2025-11-19,AMD,AMD,Vente,0.2,203.15,40.63
2025-11-24,Bitcoin,BTC-EUR,Achat,1.2e-05,77801.38,0.93
2025-11-24,Nikkei 225 JPY (Acc),XNKY.DE,Achat,0.056022,89.25,5.0
2025-11-24,Evolution Gaming Group,E3G1.F,Achat,0.069444,57.6,4.0
2025-11-24,VINCI,DG.PA,Achat,0.00835,119.75,1.0
2025-11-24,Schneider Electric,SU.PA,Achat,0.017861,223.95,4.0
2025-11-24,BYD,BY6.F,Achat,0.47192,10.595,5.0
2025-11-24,Gaztransport Technigaz,GTT.PA,Achat,0.011743,170.3,2.0
2025-11-24,Pernod Ricard,FR0000120693,Achat,0.050289,79.54,4.0
2025-11-24,Global Clean Energy USD (Dist),IQQH.DE,Achat,0.49677,8.052,4.0
2025-11-24,MSCI Africa Top 50 Swap USD (Acc),XMKA.DE,Achat,0.338524,8.862,3.0
2025-11-24,Core MSCI World USD (Acc),IWDA.AS,Achat,0.009147,109.315,1.0
2025-11-24,MSCI China USD (Acc),ICGA.DE,Achat,0.922679,5.419,5.0
2025-11-24,Uranium USD (Acc),URNU.DE,Achat,0.139925,21.44,3.0
2025-12-02,Bitcoin,BTC-EUR,Achat,6.4e-05,77173.74,4.94
2025-12-02,Nikkei 225 JPY (Acc),XNKY.DE,Achat,0.055747,89.69,5.0
2025-12-02,Evolution Gaming Group,E3G1.F,Achat,0.068282,58.58,4.0
2025-12-02,VINCI,DG.PA,Achat,0.008159,122.55,1.0
2025-12-02,Schneider Electric,SU.PA,Achat,0.017148,233.25,4.0
2025-12-02,Gaztransport Technigaz,GTT.PA,Achat,0.011682,171.2,2.0
2025-12-02,BYD,BY6.F,Achat,0.446827,11.19,5.0
2025-12-02,Pernod Ricard,FR0000120693,Achat,0.051203,78.12,4.0
2025-12-02,Core MSCI World USD (Acc),IWDA.AS,Achat,0.001862,111.1701,0.21
2025-12-02,Global Clean Energy USD (Dist),IQQH.DE,Achat,0.484027,8.264,4.0
2025-12-02,MSCI EM Latin America USD (Dist),IE00B27YCK28,Achat,0.496093,16.126,8.0
2025-12-02,Nifty 50 Swap USD (Acc),DBXN.DE,Achat,0.016743,238.9,4.0
2025-12-02,Core MSCI World USD (Acc),IWDA.AS,Achat,0.008981,111.335,1.0
2025-12-02,MSCI Africa Top 50 Swap USD (Acc),XMKA.DE,Achat,0.336172,8.924,3.0
2025-12-02,MSCI EM USD (Acc),IE00B4L5YC18,Achat,0.090715,44.094,4.0
2025-12-02,MSCI China USD (Acc),ICGA.DE,Achat,0.92644,5.397,5.0
2025-12-02,Uranium USD (Acc),URNU.DE,Achat,0.219298,22.8,5.0
2025-12-09,Bitcoin,BTC-EUR,Achat,6.2e-05,80168.06,4.97
2025-12-09,Nikkei 225 JPY (Acc),XNKY.DE,Achat,0.054377,91.95,5.0
2025-12-09,VINCI,DG.PA,Achat,0.008261,121.05,1.0
2025-12-09,Schneider Electric,SU.PA,Achat,0.016963,235.8,4.0
2025-12-09,BYD,BY6.F,Achat,0.462107,10.82,5.0
2025-12-09,Gaztransport Technigaz,GTT.PA,Achat,0.011911,167.9,2.0
2025-12-09,Pernod Ricard,FR0000120693,Achat,0.052742,75.84,4.0
2025-12-09,Global Clean Energy USD (Dist),IQQH.DE,Achat,0.487626,8.203,4.0
2025-12-09,MSCI EM Latin America USD (Dist),IE00B27YCK28,Achat,0.509035,15.716,8.0
2025-12-09,Nifty 50 Swap USD (Acc),DBXN.DE,Achat,0.016931,236.25,4.0
2025-12-09,MSCI EM USD (Acc),IE00B4L5YC18,Achat,0.090735,44.084,4.0
2025-12-09,MSCI Africa Top 50 Swap USD (Acc),XMKA.DE,Achat,0.334448,8.97,3.0
2025-12-09,MSCI China USD (Acc),ICGA.DE,Achat,0.941442,5.311,5.0
2025-12-09,Uranium USD (Acc),URNU.DE,Achat,0.206953,24.16,5.0
2025-12-09,Core MSCI World USD (Acc),IWDA.AS,Achat,0.008957,111.64,1.0
2025-12-15,Bayer,DE000BAY0017,Achat,0.546499,36.56,19.98
2025-12-16,Bitcoin,BTC-EUR,Achat,6.6e-05,75451.56,4.98
2025-12-16,Nikkei 225 JPY (Acc),XNKY.DE,Achat,0.055747,89.69,5.0
2025-12-16,Evolution Gaming Group,E3G1.F,Achat,0.017307,57.78,1.0
2025-12-16,VINCI,DG.PA,Achat,0.008312,120.3,1.0
2025-12-16,Schneider Electric,SU.PA,Achat,0.016522,242.1,4.0
2025-12-16,Gaztransport Technigaz,GTT.PA,Achat,0.012461,160.5,2.0
2025-12-16,Pernod Ricard,FR0000120693,Achat,0.051961,76.98,4.0
2025-12-16,BYD,BY6.F,Achat,0.482625,10.36,5.0
2025-12-16,MSCI EM Latin America USD (Dist),IE00B27YCK28,Achat,0.506457,15.796,8.0
2025-12-16,Nifty 50 Swap USD (Acc),DBXN.DE,Achat,0.017319,230.95,4.0
2025-12-16,MSCI Africa Top 50 Swap USD (Acc),XMKA.DE,Achat,0.329597,9.102,3.0
2025-12-16,MSCI EM USD (Acc),IE00B4L5YC18,Achat,0.093264,42.889,4.0
2025-12-16,MSCI China USD (Acc),ICGA.DE,Achat,0.97012,5.154,5.0
2025-12-16,Uranium USD (Acc),URNU.DE,Achat,0.137299,21.85,3.0
2025-12-16,Core MSCI World USD (Acc),IWDA.AS,Achat,0.009103,109.845,1.0
2025-12-23,Bitcoin,BTC-EUR,Achat,6.5e-05,76621.16,4.98
2025-12-23,Nikkei 225 JPY (Acc),XNKY.DE,Achat,0.055395,90.26,5.0
2025-12-23,Evolution Gaming Group,E3G1.F,Achat,0.017355,57.62,1.0
2025-12-23,VINCI,DG.PA,Achat,0.008364,119.55,1.0
2025-12-23,Schneider Electric,SU.PA,Achat,0.016977,235.6,4.0
2025-12-23,BYD,BY6.F,Achat,0.492853,10.145,5.0
2025-12-23,Gaztransport Technigaz,GTT.PA,Achat,0.012738,157.0,2.0
2025-12-23,Pernod Ricard,FR0000120693,Achat,0.054156,73.86,4.0
2025-12-23,Nifty 50 Swap USD (Acc),DBXN.DE,Achat,0.016856,237.3,4.0
2025-12-23,MSCI EM Latin America USD (Dist),IE00B27YCK28,Achat,0.505497,15.826,8.0
2025-12-23,MSCI EM USD (Acc),IE00B4L5YC18,Achat,0.091245,43.838,4.0
2025-12-23,MSCI Africa Top 50 Swap USD (Acc),XMKA.DE,Achat,0.322164,9.312,3.0
2025-12-23,Core MSCI World USD (Acc),IWDA.AS,Achat,0.008985,111.295,1.0
2025-12-23,MSCI China USD (Acc),ICGA.DE,Achat,0.952743,5.248,5.0
2026-01-02,Bitcoin,BTC-EUR,Achat,6.4e-05,78088.15,5.0
2026-01-02,Nikkei 225 JPY (Acc),XNKY.DE,Achat,0.054716,91.38,5.0
2026-01-02,Evolution Gaming Group,E3G1.F,Achat,0.017047,58.66,1.0
2026-01-02,VINCI,DG.PA,Achat,0.008319,120.2,1.0
2026-01-02,Schneider Electric,SU.PA,Achat,0.016913,236.5,4.0
2026-01-02,Gaztransport Technigaz,GTT.PA,Achat,0.012804,156.2,2.0
2026-01-02,BYD,BY6.F,Achat,0.456621,10.95,5.0
2026-01-02,Pernod Ricard,FR0000120693,Achat,0.054614,73.24,4.0
2026-01-02,Amazon.com,AMZN,Achat,0.050228,199.04,10.0
2026-01-02,MSCI EM Latin America USD (Dist),IE00B27YCK28,Achat,0.495908,16.132,8.0
2026-01-02,Nifty 50 Swap USD (Acc),DBXN.DE,Achat,0.016711,239.35,4.0
2026-01-02,MSCI Africa Top 50 Swap USD (Acc),XMKA.DE,Achat,0.320821,9.351,3.0
2026-01-02,MSCI EM USD (Acc),IE00B4L5YC18,Achat,0.087642,45.64,4.0
2026-01-02,Core MSCI World USD (Acc),IWDA.AS,Achat,0.008979,111.37,1.0
2026-01-02,MSCI China USD (Acc),ICGA.DE,Achat,0.925583,5.402,5.0
2026-01-09,Bitcoin,BTC-EUR,Achat,6.2e-05,80514.46,4.99
2026-01-09,Nikkei 225 JPY (Acc),XNKY.DE,Achat,0.053619,93.25,5.0
2026-01-09,Evolution Gaming Group,E3G1.F,Achat,0.017193,58.16,1.0
2026-01-09,VINCI,DG.PA,Achat,0.008223,121.6,1.0
2026-01-09,Schneider Electric,SU.PA,Achat,0.016956,235.9,4.0
2026-01-09,BYD,BY6.F,Achat,0.477326,10.475,5.0
2026-01-09,Gaztransport Technigaz,GTT.PA,Achat,0.012247,163.3,2.0
2026-01-09,Pernod Ricard,FR0000120693,Achat,0.053333,75.0,4.0
2026-01-09,MSCI EM Latin America USD (Dist),IE00B27YCK28,Achat,0.475907,16.81,8.0
2026-01-09,Nifty 50 Swap USD (Acc),DBXN.DE,Achat,0.016999,235.3,4.0
2026-01-09,MSCI EM USD (Acc),IE00B4L5YC18,Achat,0.085741,46.652,4.0
2026-01-09,MSCI Africa Top 50 Swap USD (Acc),XMKA.DE,Achat,0.3143,9.545,3.0
2026-01-09,Core MSCI World USD (Acc),IWDA.AS,Achat,0.008768,114.0501,1.0
2026-01-09,MSCI China USD (Acc),ICGA.DE,Achat,0.917094,5.452,5.0
2026-01-16,Bitcoin,BTC-EUR,Achat,5.8e-05,84937.98,4.93
2026-01-16,Nikkei 225 JPY (Acc),XNKY.DE,Achat,0.051695,96.72,5.0
2026-01-16,Evolution Gaming Group,E3G1.F,Achat,0.017882,55.92,1.0
2026-01-16,VINCI,DG.PA,Achat,0.008583,116.5,1.0
2026-01-16,Schneider Electric,SU.PA,Achat,0.017271,231.6,4.0
2026-01-16,BYD,BY6.F,Achat,0.454545,11.0,5.0
2026-01-16,Gaztransport Technigaz,GTT.PA,Achat,0.011534,173.4,2.0
2026-01-16,Pernod Ricard,FR0000120693,Achat,0.053036,75.42,4.0
2026-01-16,Nifty 50 Swap USD (Acc),DBXN.DE,Achat,0.017163,233.05,4.0
2026-01-16,MSCI EM Latin America USD (Dist),IE00B27YCK28,Achat,0.469263,17.048,8.0
2026-01-16,MSCI EM USD (Acc),IE00B4L5YC18,Achat,0.084205,47.503,4.0
2026-01-16,MSCI Africa Top 50 Swap USD (Acc),XMKA.DE,Achat,0.304754,9.844,3.0
2026-01-16,Core MSCI World USD (Acc),IWDA.AS,Achat,0.008733,114.4996,1.0
2026-01-16,MSCI China USD (Acc),ICGA.DE,Achat,0.911743,5.484,5.0
2026-01-23,Bitcoin,BTC-EUR,Achat,6.3e-05,78605.0,4.95
2026-01-23,Nikkei 225 JPY (Acc),XNKY.DE,Achat,0.052803,94.69,5.0
2026-01-23,Evolution Gaming Group,E3G1.F,Achat,0.017818,56.12,1.0
2026-01-23,VINCI,DG.PA,Achat,0.008568,116.7,1.0
2026-01-23,Schneider Electric,SU.PA,Achat,0.017349,230.55,4.0
2026-01-23,Gaztransport Technigaz,GTT.PA,Achat,0.011337,176.4,2.0
2026-01-23,Pernod Ricard,FR0000120693,Achat,0.052301,76.48,4.0
2026-01-23,MSCI EM Latin America USD (Dist),IE00B27YCK28,Achat,0.44336,18.044,8.0
2026-01-23,Nifty 50 Swap USD (Acc),DBXN.DE,Achat,0.017973,222.55,4.0
2026-01-23,MSCI EM USD (Acc),IE00B4L5YC18,Achat,0.083994,47.622,4.0
2026-01-23,MSCI Africa Top 50 Swap USD (Acc),XMKA.DE,Achat,0.303459,9.886,3.0
2026-01-23,Core MSCI World USD (Acc),IWDA.AS,Achat,0.00887,112.73,1.0
2026-01-23,MSCI China USD (Acc),ICGA.DE,Achat,0.919793,5.436,5.0
2026-02-02,Bitcoin,BTC-EUR,Achat,7.4e-05,66952.27,4.95
2026-02-02,Nikkei 225 JPY (Acc),XNKY.DE,Achat,0.052498,95.24,5.0
2026-02-02,Evolution Gaming Group,E3G1.F,Achat,0.018539,53.94,1.0
2026-02-02,VINCI,DG.PA,Achat,0.00822,121.65,1.0
2026-02-02,Schneider Electric,SU.PA,Achat,0.016546,241.75,4.0
2026-02-02,BYD,BY6.F,Achat,0.199302,10.035,2.0
2026-02-02,Gaztransport Technigaz,GTT.PA,Achat,0.011173,179.0,2.0
2026-02-02,Pernod Ricard,FR0000120693,Achat,0.052784,75.78,4.0
2026-02-02,Nifty 50 Swap USD (Acc),DBXN.DE,Achat,0.017957,222.75,4.0
2026-02-02,MSCI EM Latin America USD (Dist),IE00B27YCK28,Achat,0.437158,18.3,8.0
2026-02-02,Core MSCI World USD (Acc),IWDA.AS,Achat,0.008851,112.9711,1.0
2026-02-02,MSCI EM USD (Acc),IE00B4L5YC18,Achat,0.08386,47.698,4.0
2026-02-02,MSCI Africa Top 50 Swap USD (Acc),XMKA.DE,Achat,0.312402,9.603,3.0
2026-02-02,MSCI China USD (Acc),ICGA.DE,Achat,0.935628,5.344,5.0
2026-02-09,Bitcoin,BTC-EUR,Achat,8.1e-05,61364.73,4.97
2026-02-09,Nikkei 225 JPY (Acc),XNKY.DE,Achat,0.04996,100.08,5.0
2026-02-09,Evolution Gaming Group,E3G1.F,Achat,0.018953,52.76,1.0
2026-02-09,VINCI,DG.PA,Achat,0.007595,131.65,1.0
2026-02-09,BYD,BY6.F,Achat,0.198511,10.075,2.0
2026-02-09,Gaztransport Technigaz,GTT.PA,Achat,0.011248,177.8,2.0
2026-02-09,Pernod Ricard,FR0000120693,Achat,0.049615,80.62,4.0
2026-02-09,Core MSCI World USD (Acc),IWDA.AS,Achat,0.008893,112.445,1.0
2026-02-09,MSCI EM Latin America USD (Dist),IE00B27YCK28,Achat,0.428036,18.69,8.0
2026-02-09,Nifty 50 Swap USD (Acc),DBXN.DE,Achat,0.017414,229.7,4.0
2026-02-09,MSCI EM USD (Acc),IE00B4L5YC18,Achat,0.082499,48.485,4.0
2026-02-09,MSCI Africa Top 50 Swap USD (Acc),XMKA.DE,Achat,0.306873,9.776,3.0
2026-02-09,MSCI China USD (Acc),ICGA.DE,Achat,0.939143,5.324,5.0
2026-02-16,Bitcoin,BTC-EUR,Achat,0.000117,59707.07,6.99
2026-02-16,Nikkei 225 JPY (Acc),XNKY.DE,Achat,0.029092,103.12,3.0
2026-02-16,Evolution Gaming Group,E3G1.F,Achat,0.020088,49.78,1.0
2026-02-16,VINCI,DG.PA,Achat,0.007385,135.4,1.0
2026-02-16,Schneider Electric,SU.PA,Achat,0.007571,264.15,2.0
2026-02-16,BYD,BY6.F,Achat,0.19093,10.475,2.0
2026-02-16,Gaztransport Technigaz,GTT.PA,Achat,0.010964,182.4,2.0
2026-02-16,Pernod Ricard,FR0000120693,Achat,0.047393,84.4,4.0
2026-02-16,Core MSCI World USD (Acc),IWDA.AS,Achat,0.008921,112.085,1.0
2026-02-16,MSCI EM Latin America USD (Dist),IE00B27YCK28,Achat,0.424944,18.826,8.0
2026-02-16,Nifty 50 Swap USD (Acc),DBXN.DE,Achat,0.017516,228.35,4.0
2026-02-16,MSCI EM USD (Acc),IE00B4L5YC18,Achat,0.081132,49.302,4.0
2026-02-16,MSCI Africa Top 50 Swap USD (Acc),XMKA.DE,Achat,0.29946,10.018,3.0
2026-02-16,MSCI China USD (Acc),ICGA.DE,Achat,0.95438,5.239,5.0
2026-02-23,Bitcoin,BTC-EUR,Achat,0.000122,57318.23,6.99
2026-02-23,Nikkei 225 JPY (Acc),XNKY.DE,Achat,0.029291,102.42,3.0
2026-02-23,Evolution Gaming Group,E3G1.F,Achat,0.020124,49.69,1.0
2026-02-23,VINCI,DG.PA,Achat,0.007107,140.7,1.0
2026-02-23,Schneider Electric,SU.PA,Achat,0.007686,260.2,2.0
2026-02-23,BYD,BY6.F,Achat,0.18596,10.755,2.0
2026-02-23,Gaztransport Technigaz,GTT.PA,Achat,0.010729,186.4,2.0
2026-02-23,Pernod Ricard,FR0000120693,Achat,0.047824,83.64,4.0
2026-02-23,Core MSCI World USD (Acc),IWDA.AS,Achat,0.008795,113.69,1.0
2026-02-23,MSCI EM Latin America USD (Dist),IE00B27YCK28,Achat,0.414207,19.314,8.0
2026-02-23,Nifty 50 Swap USD (Acc),DBXN.DE,Achat,0.017436,229.4,4.0
2026-02-23,MSCI EM USD (Acc),IE00B4L5YC18,Achat,0.079592,50.256,4.0
2026-02-23,MSCI Africa Top 50 Swap USD (Acc),XMKA.DE,Achat,0.29756,10.082,3.0
2026-02-23,MSCI China USD (Acc),ICGA.DE,Achat,0.941796,5.309,5.0
2026-03-02,Bitcoin,BTC-EUR,Achat,0.00012,58001.61,6.96
2026-03-02,Nikkei 225 JPY (Acc),XNKY.DE,Achat,0.029251,102.56,3.0
2026-03-02,Evolution Gaming Group,E3G1.F,Achat,0.019623,50.96,1.0
2026-03-02,VINCI,DG.PA,Achat,0.007259,137.75,1.0
2026-03-02,Schneider Electric,SU.PA,Achat,0.007411,269.85,2.0
2026-03-02,Gaztransport Technigaz,GTT.PA,Achat,0.010346,193.3,2.0
2026-03-02,BYD,BY6.F,Achat,0.18859,10.605,2.0
2026-03-02,Pernod Ricard,FR0000120693,Achat,0.051773,77.26,4.0
2026-03-02,MSCI EM Latin America USD (Dist),IE00B27YCK28,Achat,0.422475,18.936,8.0
2026-03-02,Nifty 50 Swap USD (Acc),DBXN.DE,Achat,0.018034,221.8,4.0
2026-03-02,Core MSCI World USD (Acc),IWDA.AS,Achat,0.008785,113.83,1.0
2026-03-02,MSCI Africa Top 50 Swap USD (Acc),XMKA.DE,Achat,0.305436,9.822,3.0
2026-03-02,MSCI EM USD (Acc),IE00B4L5YC18,Achat,0.079598,50.252,4.0
2026-03-02,MSCI China USD (Acc),ICGA.DE,Achat,0.97924,5.106,5.0
2026-03-09,Bitcoin,BTC-EUR,Achat,0.000116,60017.65,6.96
2026-03-09,Nikkei 225 JPY (Acc),XNKY.DE,Achat,0.031555,95.07,3.0
2026-03-09,Evolution Gaming Group,E3G1.F,Achat,0.018846,53.06,1.0
2026-03-09,VINCI,DG.PA,Achat,0.007923,126.2,1.0
2026-03-09,Schneider Electric,SU.PA,Achat,0.008331,240.05,2.0
2026-03-09,BYD,BY6.F,Achat,0.186133,10.745,2.0
2026-03-09,Gaztransport Technigaz,GTT.PA,Achat,0.010256,195.0,2.0
2026-03-09,Pernod Ricard,FR0000120693,Achat,0.05499,72.74,4.0
2026-03-09,Core MSCI World USD (Acc),IWDA.AS,Achat,0.008993,111.195,1.0
2026-03-09,MSCI EM Latin America USD (Dist),IE00B27YCK28,Achat,0.447727,17.868,8.0
2026-03-09,Nifty 50 Swap USD (Acc),DBXN.DE,Achat,0.018717,213.7,4.0
2026-03-09,MSCI EM USD (Acc),IE00B4L5YC18,Achat,0.084751,47.197,4.0
2026-03-09,MSCI Africa Top 50 Swap USD (Acc),XMKA.DE,Achat,0.339136,8.846,3.0
2026-03-09,MSCI China USD (Acc),ICGA.DE,Achat,0.99226,5.039,5.0
2026-03-16,Nikkei 225 JPY (Acc),XNKY.DE,Achat,0.030864,97.2,3.0
2026-03-16,Bitcoin,BTC-EUR,Achat,0.000106,66023.19,7.0
2026-03-16,Schneider Electric,SU.PA,Achat,0.008071,247.8,2.0
2026-03-16,Evolution Gaming Group,E3G1.F,Achat,0.018142,55.12,1.0
2026-03-16,VINCI,DG.PA,Achat,0.007692,130.0,1.0
2026-03-16,Gaztransport Technigaz,GTT.PA,Achat,0.010065,198.7,2.0
2026-03-16,BYD,BY6.F,Achat,0.174443,11.465,2.0
2026-03-16,Pernod Ricard,FR0000120693,Achat,0.059066,67.72,4.0
2026-03-16,MSCI EM Latin America USD (Dist),IE00B27YCK28,Achat,0.441988,18.1,8.0
2026-03-16,Nifty 50 Swap USD (Acc),DBXN.DE,Achat,0.018885,211.8,4.0
2026-03-16,Core MSCI World USD (Acc),IWDA.AS,Achat,0.008904,112.3,1.0
2026-03-16,MSCI EM USD (Acc),IE00B4L5YC18,Achat,0.082542,48.46,4.0
2026-03-16,MSCI Africa Top 50 Swap USD (Acc),XMKA.DE,Achat,0.337723,8.883,3.0
2026-03-16,MSCI China USD (Acc),ICGA.DE,Achat,0.956937,5.225,5.0
2026-03-23,Nikkei 225 JPY (Acc),XNKY.DE,Achat,0.032548,92.17,3.0
2026-03-23,Evolution Gaming Group,E3G1.F,Achat,0.019113,52.32,1.0
2026-03-23,VINCI,DG.PA,Achat,0.008203,121.9,1.0
2026-03-23,Schneider Electric,SU.PA,Achat,0.008596,232.65,2.0
2026-03-23,BYD,BY6.F,Achat,0.177856,11.245,2.0
2026-03-23,Gaztransport Technigaz,GTT.PA,Achat,0.010015,199.7,2.0
2026-03-23,Pernod Ricard,FR0000120693,Achat,0.063411,63.08,4.0
2026-03-23,Core MSCI World USD (Acc),IWDA.AS,Achat,0.009095,109.94,1.0
2026-03-23,MSCI EM Latin America USD (Dist),IE00B27YCK28,Achat,0.445831,17.944,8.0
2026-03-23,Nifty 50 Swap USD (Acc),DBXN.DE,Achat,0.019384,206.35,4.0
2026-03-23,MSCI EM USD (Acc),IE00B4L5YC18,Achat,0.084024,47.605,4.0
2026-03-23,MSCI Africa Top 50 Swap USD (Acc),XMKA.DE,Achat,0.342739,8.753,3.0
2026-03-23,MSCI China USD (Acc),ICGA.DE,Achat,1.018329,4.91,5.0
2026-04-02,Bitcoin,BTC-EUR,Achat,0.000184,59640.88,10.97
2026-04-02,Nikkei 225 JPY (Acc),XNKY.DE,Achat,0.052725,94.83,5.0
2026-04-02,VINCI,DG.PA,Achat,0.007642,130.85,1.0
2026-04-02,Schneider Electric,SU.PA,Achat,0.012992,230.9,3.0
2026-04-02,BYD,BY6.F,Achat,0.08673,11.53,1.0
2026-04-02,Gaztransport Technigaz,GTT.PA,Achat,0.0099,202.0,2.0
2026-04-02,Pernod Ricard,FR0000120693,Achat,0.062853,63.64,4.0
2026-04-02,MSCI EM Latin America USD (Dist),IE00B27YCK28,Achat,0.424223,18.858,8.0
2026-04-02,Nifty 50 Swap USD (Acc),DBXN.DE,Achat,0.019955,200.45,4.0
2026-04-02,MSCI EM USD (Acc),IE00B4L5YC18,Achat,0.085971,46.527,4.0
2026-04-02,MSCI Africa Top 50 Swap USD (Acc),XMKA.DE,Achat,0.338676,8.858,3.0
2026-04-02,Core MSCI World USD (Acc),IWDA.AS,Achat,0.009114,109.7199,1.0
2026-04-02,MSCI Global Semiconductors USD (Acc),SEMI.AS,Achat,0.276803,10.838,3.0
2026-04-02,MSCI China USD (Acc),ICGA.DE,Achat,1.419878,4.93,7.0
2026-04-09,Bitcoin,BTC-EUR,Achat,0.000175,62616.64,10.96
2026-04-09,Nikkei 225 JPY (Acc),XNKY.DE,Achat,0.050175,99.65,5.0
2026-04-09,VINCI,DG.PA,Achat,0.007342,136.2,1.0
2026-04-09,BYD,BY6.F,Achat,0.089142,11.218,1.0
2026-04-09,Gaztransport Technigaz,GTT.PA,Achat,0.00968,206.6,2.0
2026-04-09,Pernod Ricard,FR0000120693,Achat,0.062695,63.8,4.0
2026-04-09,Core MSCI World USD (Acc),IWDA.AS,Achat,0.008894,112.43,1.0
2026-04-09,MSCI EM Latin America USD (Dist),IE00B27YCK28,Achat,0.409962,19.514,8.0
2026-04-09,Nifty 50 Swap USD (Acc),DBXN.DE,Achat,0.019102,209.4,4.0
2026-04-09,MSCI EM USD (Acc),IE00B4L5YC18,Achat,0.081682,48.97,4.0
2026-04-09,MSCI Africa Top 50 Swap USD (Acc),XMKA.DE,Achat,0.324114,9.256,3.0
2026-04-09,MSCI Global Semiconductors USD (Acc),SEMI.AS,Achat,0.251762,11.916,3.0
2026-04-09,MSCI China USD (Acc),ICGA.DE,Achat,1.414427,4.949,7.0
2026-04-16,Bitcoin,BTC-EUR,Achat,0.000167,65660.08,10.97
2026-04-16,Nikkei 225 JPY (Acc),XNKY.DE,Achat,0.0476,105.04,5.0
2026-04-16,VINCI,DG.PA,Achat,0.007369,135.7,1.0
2026-04-16,Schneider Electric,SU.PA,Achat,0.007485,267.2,2.0
2026-04-16,BYD,BY6.F,Achat,0.081459,12.276,1.0
2026-04-16,Gaztransport Technigaz,GTT.PA,Achat,0.010015,199.7,2.0
2026-04-16,Pernod Ricard,FR0000120693,Achat,0.059506,67.22,4.0
2026-04-16,Nifty 50 Swap USD (Acc),DBXN.DE,Achat,0.019056,209.9,4.0
2026-04-16,MSCI EM Latin America USD (Dist),IE00B27YCK28,Achat,0.405022,19.752,8.0
2026-04-16,MSCI EM USD (Acc),IE00B4L5YC18,Achat,0.078774,50.778,4.0
2026-04-16,MSCI Africa Top 50 Swap USD (Acc),XMKA.DE,Achat,0.319386,9.393,3.0
2026-04-16,Core MSCI World USD (Acc),IWDA.AS,Achat,0.008689,115.085,1.0
2026-04-16,MSCI Global Semiconductors USD (Acc),SEMI.AS,Achat,0.234521,12.792,3.0
2026-04-16,MSCI China USD (Acc),ICGA.DE,Achat,1.372818,5.099,7.0
2026-04-23,Bitcoin,BTC-EUR,Achat,0.000159,68908.76,10.96
2026-04-23,Nikkei 225 JPY (Acc),XNKY.DE,Achat,0.047764,104.68,5.0
2026-04-23,VINCI,DG.PA,Achat,0.007624,131.15,1.0
2026-04-23,Schneider Electric,SU.PA,Achat,0.007356,271.85,2.0
2026-04-23,BYD,BY6.F,Achat,0.088292,11.326,1.0
2026-04-23,Gaztransport Technigaz,GTT.PA,Achat,0.009784,204.4,2.0
2026-04-23,Pernod Ricard,FR0000120693,Achat,0.060606,66.0,4.0
2026-04-23,Core MSCI World USD (Acc),IWDA.AS,Achat,0.008555,116.88,1.0
2026-04-23,MSCI EM Latin America USD (Dist),IE00B27YCK28,Achat,0.409416,19.54,8.0
2026-04-23,Nifty 50 Swap USD (Acc),DBXN.DE,Achat,0.01902,210.3,4.0
2026-04-23,MSCI EM USD (Acc),IE00B4L5YC18,Achat,0.077918,51.336,4.0
2026-04-23,MSCI Africa Top 50 Swap USD (Acc),XMKA.DE,Achat,0.320992,9.346,3.0
2026-04-23,MSCI Global Semiconductors USD (Acc),SEMI.AS,Achat,0.217517,13.792,3.0
2026-04-23,MSCI China USD (Acc),ICGA.DE,Achat,1.39165,5.03,7.0
2026-04-28,Uranium USD (Acc),URNU.DE,Vente,8.0,29.53,236.24
2026-05-04,Bitcoin,BTC-EUR,Achat,0.000156,70311.07,10.97
2026-05-04,Nikkei 225 JPY (Acc),XNKY.DE,Achat,0.046408,107.74,5.0
2026-05-04,VINCI,DG.PA,Achat,0.007821,127.85,1.0
2026-05-04,Schneider Electric,SU.PA,Achat,0.007457,268.2,2.0
2026-05-04,BYD,BY6.F,Achat,0.088746,11.268,1.0
2026-05-04,Gaztransport Technigaz,GTT.PA,Achat,0.009737,205.4,2.0
2026-05-04,Pernod Ricard,FR0000120693,Achat,0.062952,63.54,4.0
2026-05-04,MSCI EM Latin America USD (Dist),IE00B27YCK28,Achat,0.421585,18.976,8.0
2026-05-04,Nifty 50 Swap USD (Acc),DBXN.DE,Achat,0.019398,206.2,4.0
2026-05-04,Core MSCI World USD (Acc),IWDA.AS,Achat,0.008483,117.875,1.0
2026-05-04,MSCI Africa Top 50 Swap USD (Acc),XMKA.DE,Achat,0.330323,9.082,3.0
2026-05-04,MSCI EM USD (Acc),IE00B4L5YC18,Achat,0.075629,52.8895,4.0
2026-05-04,MSCI Global Semiconductors USD (Acc),SEMI.AS,Achat,0.203169,14.766,3.0
2026-05-04,MSCI China USD (Acc),ICGA.DE,Achat,1.390544,5.034,7.0
2026-05-11,Bitcoin,BTC-EUR,Achat,0.000155,70746.99,10.97
2026-05-11,Nikkei 225 JPY (Acc),XNKY.DE,Achat,0.04461,112.08,5.0
2026-05-11,VINCI,DG.PA,Achat,0.007806,128.1,1.0
2026-05-11,BYD,BY6.F,Achat,0.09081,11.012,1.0
2026-05-11,Pernod Ricard,FR0000120693,Achat,0.063572,62.92,4.0
2026-05-11,Core MSCI World USD (Acc),IWDA.AS,Achat,0.008355,119.68,1.0
2026-05-11,Nifty 50 Swap USD (Acc),DBXN.DE,Achat,0.019782,202.2,4.0
2026-05-11,MSCI EM Latin America USD (Dist),IE00B27YCK28,Achat,0.420698,19.016,8.0
2026-05-11,MSCI EM USD (Acc),IE00B4L5YC18,Achat,0.072613,55.086,4.0
2026-05-11,MSCI Africa Top 50 Swap USD (Acc),XMKA.DE,Achat,0.317091,9.461,3.0
2026-05-11,MSCI Global Semiconductors USD (Acc),SEMI.AS,Achat,0.17919,16.742,3.0
2026-05-11,MSCI China USD (Acc),ICGA.DE,Achat,1.372549,5.1,7.0
2026-12-01,Thales,HO.PA,Achat,13.5622,120.15,1629.49833
2023-03-22,OR,GC=F,Achat,2.0,1983.0,3966.0
2025-01-01,Silver,SI=F,Achat,34.0,37.95,1290.3000000000002
2025-05-01,ETH,ETH-EUR,Achat,0.096372,1950.0,187.9254
2026-02-06,BTC,BTC-EUR,Achat,0.00147,51600.0,75.852
2026-05-17,Constellation software,CSU.TO,Achat,0.121,1646.94,199.27974
2026-05-17,Odontoprev,SAUD3Q.SA,Achat,100.0,2.01,201.0
2026-05-17,ASML,ASML,Achat,0.13,555.0,72.15
